13 Going On 30;
2 Days in the Valley;
50 First Dates;
8 Mile;
A Thousand Words;
Aashiqui 2;
About a Boy;
Addams Family Values;
Adhe Kangal;
Adventureland;
After Earth;
Airport;
Alfie (2004);
Alive;
Almost Famous;
Along Came Polly;
Alvin and the Chipmunks Meet Frankenstein;
Alvin and the Chipmunks Meet The Wolfman;
American Gangster;
American Gods;
American Graffiti;
American Pie 2;
American Playboy: The Hugh Hefner Story;
American Reunion;
American Wedding;
An American Girl Story;
Anger Management;
Angus;
Anohana: The Flower We Saw That Day;
Another 48 Hrs.;
Apollo 13;
Are We There Yet?;
Astu - So Be It;
Atonement;
Babe;
Baby Mama;
Bad Boys II;
Bad Santa (The Unrated Version);
BATTERY the animation;
Beavis and Butt-Head Do America;
Beginners;
Big Daddy;
Big Fat Liar;
Big Fish;
Billy Madison;
Black Hawk Down;
Black Sheep;
Black Snake Moan;
Blue;
Blues Brothers 2000;
Bram Stoker's Dracula;
Breakfast at Tiffany's;
Bridesmaids (2011);
Bring It On Again;
Bring It On Again: All or Nothing;
Bring It On: In It To Win It;
Brothers Conflict;
Can't Hardly Wait;
Captain Phillips;
Carrie;
Casper;
Cat in the Hat;
Center Stage;
Changeling;
Charlie's Angels (2000);
Chi's Sweet Adventure (Subbed);
Click (2006);
Clockstoppers;
Closer;
Cloudy With A Chance Of Meatballs 2;
Cold Mountain;
Community;
Coneheads;
Cop Land;
Copper Canyon;
Cowboys & Aliens;
Creative Galaxy;
Crisis in Six Scenes;
Damages;
Dance Flick;
Dark City;
Dawn of the Dead;
Dawson's Creek;
Dazed and Confused;
Dead Again;
Dead Man on Campus;
Death Race 2;
Deep Impact;
Despicable Me;
Devil;
Dhoom:3;
Dhruvangal Pathinaru;
Diabolik Lovers;
Dickie Roberts: Former Child Star;
Dil Dhadakne Do;
Dinner for Schmucks;
Don;
Don 2;
Donnie Brasco;
Doom;
Doubt;
Dr. Strangelove or: How I Learned to Stop Worrying and Love the Bomb;
Dreamgirls;
Drillbit Taylor;
Duplicity;
Eagle Eye;
Eddie Murphy Raw;
Ek Tha Tiger;
Elysium;
Equilibrium;
Erin Brockovich;
Evan Almighty;
Event Horizon;
Eye for an Eye;
Falling Water;
Family Katta;
Fan;
Fast Times at Ridgemont High;
Faster;
Fear the Walking Dead;
Field of Dreams;
Finding Neverland;
Flashdance;
Fleabag;
Flesh and Bone;
Footloose;
Footloose (2011);
Forgetting Sarah Marshall;
Forrest Gump;
Four Brothers;
Foxfire;
Frank Miller's Sin City;
Freedom Writers;
Frost/Nixon;
Fugay;
Fukrey;
Fun With Dick and Jane;
Funny People;
Galaxy Quest;
Gandhi;
Gattaca;
Get Rich or Die Tryin';
Ghost;
Ghostbusters II;
Girl;
Godzilla;
Goliath;
Gone Baby Gone;
Good Burger;
Gortimer Gibbon's Life on Normal Street;
Gothika;
Grease;
Groundhog Day;
Grown Ups 2;
Half Baked;
Hand Of God;
Hannibal;
Happy Gilmore;
Harlem Nights;
He Said;
Hellboy II: The Golden Army;
Himouto! Umaru-chan;
Hitch;
Hollow Man;
Hollywoodland;
Hook;
Hot Fuzz;
Hot Rod;
How to Lose A Guy In 10 Days;
Hum Saath Saath Hain;
Humpty Sharma Ki Dulhania;
Hustle & Flow;
I Know What You Did Last Summer;
I love Dick;
Identity;
If You Give a Mouse a Cookie;
Indiana Jones and the Kingdom of the Crystal Skull;
Indiana Jones and the Last Crusade;
Indiana Jones and the Raiders of the Lost Ark;
Indiana Jones and the Temple of Doom;
It's Kind of a Funny Story;
Jab Tak Hai Jaan;
Jarhead;
Johnny English Reborn;
Joker;
Josh;
Jurassic Park;
Jurassic Park III;
Just Add Magic;
Justified;
Justin Bieber: Never Say Never;
Kaashmora;
KABANERI OF THE IRON FORTRESS;
Kapoor & Sons;
Kindergarten Cop;
Klitschko;
Kramer Vs. Kramer;
Land Before Time: Invasion Of The Tinysauruses;
Land Of The Lost;
Last Action Hero;
Layer Cake;
Legends of the Fall;
Lords of Dogtown;
Magical Girl Lyrical NANOHA;
Magical Girl Lyrical NANOHA A's;
Magical Girl Lyrical NANOHA StrikerS;
Mardaani;
Masters of the Universe;
Mean Girls;
Meet Joe Black;
Meet the Fockers;
Meet the Parents;
Miami Vice;
Michael Jackson: The Life of an Icon;
Mission: Impossible;
Mission: Impossible Ghost Protocol;
Mission: Impossible II;
Mission: Impossible III;
Monty Python's Meaning Of Life;
Mother;
Mozart in the Jungle;
Mr. Bean's Holiday;
Night Falls On Manhattan;
Nighthawks;
Not Another Teen Movie;
Nuts!;
Once Upon a Time In Mexico;
One Mississippi;
Onigiri;
ONIHEI;
Orange County;
Out of Africa;
Parched;
Patch Adams;
Paul;
Pet Sematary;
Pineapple Express;
Pootie Tang;
Preacher;
Prem Ratan Dhan Payo;
Pretty in Pink;
Pride & Prejudice;
Public Enemies;
Quadrophenia;
Raaz Reboot;
RAGE OF BAHAMUT VIRGIN SOUL;
Re:CREATORS;
Ready;
Rear Window;
Red Dragon;
Red Oaks;
Reno 911!: Miami;
Repo Men;
Resident Evil: Apocalypse;
Resistance;
Role Models;
Rosemary's Baby;
Saekanoâ™­ How to Raise a Boring Girlfriend.flat;
Sarbjit;
Scarface (1983);
Scary Movie;
Scary Movie 2;
Scorpion King 2: The Rise of a Warrior;
Scorpion King 3: The Battle for Redemption;
Scott Pilgrim vs. The World;
Scream;
Scream 2;
Scream 3;
Scum's Wish;
Seinfeld;
Senna;
Serenity;
Shadowhunter;
Shadowlands;
Shaun of the Dead;
Shin chan Spin-off vol.1 Aliens vs. Shinnosuke;
Shivaay;
Shooter;
Shor Se Shuruaat;
SI 3;
Sixteen Candles;
Slap Shot;
Sleepy Hollow;
Smokin' Aces;
Sneaky Pete;
Sophie's Choice;
Spider-Man 2;
Spy Kids;
St. Elmo's Fire;
Stand by Me;
Stardust;
State of Play;
Steel Magnolias (1989);
Step Brothers;
Stepmom;
Stomp The Yard;
Stop-Loss;
Sultan;
Super 8;
Switchback;
Talaash;
Talladega Nights: The Ballad of Ricky Bobby;
Ted;
The 24 Hour War;
The Addams Family;
The Adjustment Bureau;
The Babysitter;
The Benchwarmers;
The Best Man;
The Blues Brothers;
The Brady Bunch Movie;
The Break-Up;
The Brothers Grimm;
The Browning Version;
The Cable Guy;
The Chronicles of Riddick;
The Collection;
The Da Vinci Code;
The Debt;
The Devil Inside;
The Evening Star;
The Exorcism of Emily Rose;
The Five-Year Engagement;
The Flintstones;
The Forgotten;
The Good Girls Revolt;
The Goods: Live Hard;
The Grand Tour;
The Great Passage;
The Green Mile;
The Guilt Trip;
The Hornet's Nest;
The Hours;
The Hulk;
THE IDOLM@STER.KR;
The Incredible Hulk;
The Invention of Lying;
The Jackal;
The Karate Kid II;
The Kicks;
The Land Before Time XII: Day of the Flyers;
The Land Before Time: The Great Longneck Migration;
The Land Before Time: The Wisdom of Friends;
The Life of David Gale;
The Little Rascals;
The Longest Yard (2005);
The Lookout;
The Lost World: Jurassic Park;
The Man In the High Castle;
The Manchurian Candidate (2004);
The Mask of Zorro;
The Mummy (1999);
The Mummy Returns;
The Mummy: Quest For The Lost Scrolls;
The Mummy: Tomb of the Dragon Emperor;
The Night Shift;
The Other Boleyn Girl;
The Path;
The Patriot (2000);
The Perfect Score;
The Phantom;
The Prince of Tides;
The Scorpion King;
The Shield;
The Smurfs 2;
The Snowy Day;
The Stinky & Dirty Show;
The Tale Of Despereaux;
The Thing;
The Thing (2011);
The Two Jakes;
The Unborn;
The Wolfman;
Thin Ice;
Three Wishes;
Tom Clancy's Ghost Recon Wildlands: War Within The Cartel;
Transformers;
Transformers: Dark of the Moon;
Transformers: Revenge of the Fallen;
Transparent;
Tumble Leaf;
Turbulence;
Twelve Monkeys;
Tyler Perry's Madea's Family Reunion;
Utano Prince Sama;
Van Helsing;
Vanilla Sky;
Varsity Blues;
ViVid Strike!;
Wanted;
War Of The Worlds (Remake);
Waterworld;
Wayne's World;
Weird Science;
What Dreams May Come;
White Chicks;
WHO KILLED DAIGORO TOKUYAMA?;
Wild Things;
Winner;
Wishenpoof!;
Wolf;
XXX;
You Are Wanted;
Young Adult;
Young Black Jack;
Z: The Beginning of Everything;
Zindagi Na Milegi Dobara;
